Season,Tm,PA,BB%,K%,BB/K,AVG,OBP,SLG,OPS,ISO,BABIP,wRC,wRAA,wOBA,wRC+
2018,"LAA",41,0.146341463,0.073170731,2,0.411764705,0.487804878,0.588235294,1.076040172,0.176470589,0.4,9.541273300461441,4.74837342362848,0.4515918418765068,201.4676095659627
2018,"DET",74,0.067567567,0.202702702,0.333333333,0.212121212,0.283783783,0.333333333,0.617117116,0.121212121,0.269230769,6.085430818562494,-2.565168959136023,0.27220785376187917,71.95448329970138
2018,"KCR",41,0.048780487,0.170731707,0.285714285,0.307692307,0.341463414,0.487179487,0.828642901,0.17948718,0.354838709,6.141393454161706,1.3484935773287443,0.3550171285140805,125.62792234823866
2018,"NYY",80,0.125,0.2625,0.476190476,0.205882352,0.325,0.44117647,0.76617647,0.235294118,0.232558139,10.585848312281609,1.2338485526075353,0.33360586389899255,110.30051000477474
2018,"ARI",36,0.083333333,0.305555555,0.272727272,0.212121212,0.277777777,0.272727272,0.550505049,0.06060606,0.318181818,2.276289005701012,-1.9321108861523206,0.2489108939965566,52.03117875467302
2018,"ATL",39,0.051282051,0.179487179,0.285714285,0.25,0.307692307,0.361111111,0.668803418,0.111111111,0.310344827,3.916822011223349,-0.6422778716177611,0.29451249348811614,86.18967653243605
2018,"SDP",42,0.119047619,0.095238095,1.25,0.371428571,0.43902439,0.885714285,1.324738675,0.514285714,0.321428571,12.075483392566019,7.16568351873713,0.5282055822814383,238.6477878088169
2018,"SFG",39,0.076923076,0.205128205,0.375,0.323529411,0.41025641,0.764705882,1.174962292,0.441176471,0.318181818,10.483433498747925,5.924333615906815,0.47901764355207743,224.9201715358904