Season,Tm,PA,BB%,K%,BB/K,AVG,OBP,SLG,OPS,ISO,BABIP,wRC,wRAA,wOBA,wRC+
2018,"CHC",40,0.05,0.125,0.4,0.361111111,0.384615384,0.527777777,0.912393161,0.166666666,0.387096774,6.644974692416128,1.9689748125790942,0.37836734872115285,139.15548709803488
2018,"STL",43,0.023255813,0.139534883,0.166666666,0.365853658,0.395348837,0.560975609,0.956324446,0.195121951,0.393939393,8.378472444846212,3.3517725740213984,0.4102499817692956,163.99270064458364