Season,Tm,PA,BB%,K%,BB/K,AVG,OBP,SLG,OPS,ISO,BABIP,wRC,wRAA,wOBA,wRC+
2015,"CHC",34,0.058823529,0.352941176,0.166666666,0.15625,0.205882352,0.25,0.455882352,0.09375,0.25,0.8328409183008953,-2.992158980371208,0.20306309882332296,26.60962764446628
2015,"STL",40,0.1,0.275,0.363636363,0.277777777,0.35,0.361111111,0.711111111,0.083333334,0.4,4.257133576317674,-0.2428663044730368,0.30756686283991885,96.88723164556475